{
  "project_info": {
    "project_number": "842298484296",
    "project_id": "payfromhome",
    "storage_bucket": "payfromhome.appspot.com"
  },
  "client": [
    {
      "client_info": {
        "mobilesdk_app_id": "1:842298484296:android:7e0b834145de86ee969a7d",
        "android_client_info": {
          "package_name": "com.example.payfromhome"
        }
      },
      "oauth_client": [
        {
          "client_id": "842298484296-rb0uct43gir2siamgkg8e2h2n3ak1l8s.apps.googleusercontent.com",
          "client_type": 1,
          "android_info": {
            "package_name": "com.example.payfromhome",
            "certificate_hash": "01be828aabe35565e21380046175e07aafebb8c1"
          }
        },
        {
          "client_id": "842298484296-7o47d5fc5hcis9e3t5ehg6h9jo49g93e.apps.googleusercontent.com",
          "client_type": 3
        }
      ],
      "api_key": [
        {
          "current_key": "AIzaSyDK4_kh2jBMV6VvZEr1WNv7OiZMOSbMAvc"
        }
      ],
      "services": {
        "appinvite_service": {
          "other_platform_oauth_client": [
            {
              "client_id": "842298484296-7o47d5fc5hcis9e3t5ehg6h9jo49g93e.apps.googleusercontent.com",
              "client_type": 3
            }
          ]
        }
      }
    }
  ],
  "configuration_version": "1"
}